ambiguity_type,n_examples,asked_rate,avg_num_questions,mean_first_similarity_over_asked,mean_best_similarity_over_asked,resolved_proxy_first_rate,resolved_proxy_any_rate,resolved_proxy_rate,ambiguity_decision_accuracy,json_exact_valid_rate,json_schema_valid_rate,json_recoverable_parse_rate
common_sense_knowledge,385,1.0,3.225974025974026,0.4917632718606816,0.5702013401000143,0.10649350649350649,0.14545454545454545,0.14545454545454545,1.0,0.8545454545454545,1.0,0.14545454545454545
preferences,373,1.0,3.3404825737265416,0.6074995050361585,0.6589260630249657,0.27882037533512066,0.32439678284182305,0.32439678284182305,1.0,0.8364611260053619,1.0,0.16353887399463807
safety,142,1.0,3.3943661971830985,0.45808681625295694,0.5318299250703462,0.09859154929577464,0.1267605633802817,0.1267605633802817,1.0,0.8591549295774648,1.0,0.14084507042253522
