ambiguity_type,n_examples,asked_rate,avg_num_questions,mean_first_similarity_over_asked,mean_best_similarity_over_asked,resolved_proxy_first_rate,resolved_proxy_any_rate,resolved_proxy_rate,ambiguity_decision_accuracy,json_exact_valid_rate,json_schema_valid_rate,json_recoverable_parse_rate
common_sense_knowledge,385,1.0,2.9844155844155846,0.45157726537315296,0.5812696566055348,0.09610389610389611,0.17402597402597403,0.17402597402597403,1.0,1.0,1.0,0.0
preferences,373,1.0,2.986595174262735,0.6386049492109876,0.7099464319186939,0.3780160857908847,0.4477211796246649,0.4477211796246649,1.0,0.9973190348525469,1.0,0.002680965147453083
safety,142,1.0,2.9859154929577465,0.4198299696747686,0.5361973497964126,0.08450704225352113,0.13380281690140844,0.13380281690140844,1.0,1.0,1.0,0.0
